{
	"format_version": "1.8.0",
	"animations": {
		"animation.gargantuar.idle": {
			"loop": true,
			"animation_length": 1.25,
			"bones": {
				"head": {
					"position": {
						"0.0": [0, 0, 0],
						"0.5": [0, -1, -1],
						"1.0": [0, 0, 0]
					}
				},
				"body": {
					"rotation": {
						"0.0": [0, 0, 0],
						"0.25": [2.5, 0, 0],
						"0.5": [5, 0, 0],
						"0.75": [2.5, 0, 0],
						"1.0": [0, 0, 0]
					},
					"position": {
						"0.0": [0, 0, 0],
						"0.25": [0, 0, 0]
					}
				},
				"left_arm": {
					"position": {
						"0.0": [0, 0, 0],
						"0.5": [0, -1, -1],
						"1.0": [0, 0, 0]
					}
				},
				"right_arm": {
					"position": {
						"0.0": [0, 0, 0],
						"0.5": [0, -1, -1],
						"1.0": [0, 0, 0]
					}
				},
				"bone": {
					"position": {
						"0.0": [0, 0, 0],
						"0.5": [0, -1, -1],
						"1.0": [0, 0, 0]
					}
				}
			}
		},
		"animation.gargantuar.walk": {
			"loop": true,
			"animation_length": 2,
			"bones": {
				"left_arm": {
					"rotation": {
						"0.0": [0, 0, 0],
						"0.25": [-7.5, 0, 0],
						"0.5": [-15, 0, 0],
						"0.75": [-7.5, 0, 0],
						"1.0": [0, 0, 0],
						"1.25": [7.5, 0, 0],
						"1.5": [15, 0, 0],
						"1.75": [7.5, 0, 0],
						"2.0": [0, 0, 0]
					}
				},
				"right_arm": {
					"rotation": {
						"0.0": [0, 0, 0],
						"0.25": [7.5, 0, 0],
						"0.5": [15, 0, 0],
						"0.75": [7.5, 0, 0],
						"1.0": [0, 0, 0],
						"1.25": [-7.5, 0, 0],
						"1.5": [-15, 0, 0],
						"1.75": [-5, 0, 0],
						"2.0": [0, 0, 0]
					}
				},
				"left_leg": {
					"rotation": {
						"0.0": [0, 0, 0],
						"0.25": [7.5, 0, 0],
						"0.5": [15, 0, 0],
						"0.75": [7.5, 0, 0],
						"1.0": [0, 0, 0],
						"1.25": [-7.5, 0, 0],
						"1.5": [-15, 0, 0],
						"1.75": [-7.5, 0, 0],
						"2.0": [0, 0, 0]
					},
					"position": [0, 0, 0]
				},
				"right_leg": {
					"rotation": {
						"0.0": [0, 0, 0],
						"0.25": [-7.5, 0, 0],
						"0.5": [-15, 0, 0],
						"0.75": [-7.5, 0, 0],
						"1.0": [0, 0, 0],
						"1.25": [7.5, 0, 0],
						"1.5": [15, 0, 0],
						"1.75": [7.5, 0, 0],
						"2.0": [0, 0, 0]
					},
					"position": [0, 0, 0],
					"scale": 1
				}
			}
		},
		"animation.gargantuar.attack": {
			"loop": true,
			"animation_length": 1.25,
			"bones": {
				"left_arm": {
					"rotation": {
						"0.0": [-15, 0, 0],
						"0.3333": [-95.03742, -4.92385, 0.87038],
						"0.5417": [22.46258, -4.92385, 0.87038],
						"0.9583": [22.46258, -4.92385, 0.87038],
						"1.25": [-15, 0, 0]
					},
					"position": [0, 0, 3]
				},
				"right_arm": {
					"rotation": {
						"0.0": [-85, 0, 0],
						"0.25": [-95.03742, 4.92385, -0.87038],
						"0.5": [-85, 0, 0]
					},
					"position": [0, -2, 0]
				},
				"bone": {
					"rotation": {
						"0.0": [0, 0, 0],
						"0.25": [-10, 0, 0],
						"0.5": [0, 0, 0]
					}
				}
			}
		},
		"animation.gargantuar.attack2": {
			"loop": true,
			"animation_length": 0.5,
			"bones": {
				"left_arm": {
					"rotation": {
						"0.0": [-85, 0, 0],
						"0.25": [-95.03742, -4.92385, 0.87038],
						"0.5": [-85, 0, 0]
					},
					"position": [-8, 0, 3],
					"scale": [0.6, 0, 0]
				},
				"right_arm": {
					"rotation": {
						"0.0": [-85, 0, 0],
						"0.25": [-95.03742, 4.92385, -0.87038],
						"0.5": [-85, 0, 0]
					},
					"position": [0, -2, 0]
				},
				"bone": {
					"rotation": {
						"0.0": [0, 0, 0],
						"0.25": [-10, 0, 0],
						"0.5": [0, 0, 0]
					}
				}
			}
		},
		"animation.gargantuar.walk2": {
			"loop": true,
			"animation_length": 2,
			"bones": {
				"left_arm": {
					"rotation": {
						"0.0": [-12.5, 0, 0],
						"1.0": [-17.5, 0, 0],
						"1.5": [25, 0, 0],
						"2.0": [-12.5, 0, 0]
					}
				},
				"right_arm": {
					"rotation": {
						"0.0": [-72.5, 0, 0],
						"1.0": [-7.5, 0, 0],
						"2.0": [-72.5, 0, 0]
					}
				},
				"bottom_leg": {
					"rotation": {
						"0.0": [22.5, 0, 0],
						"1.0": [-4.95744, -0.65182, -7.47178],
						"1.5": [12.54256, -0.65182, -7.47178],
						"2.0": [22.5, 0, 0]
					},
					"position": {
						"0.0": [0, 0, 3],
						"1.0": [1, 0, -1],
						"1.5": [1, 0, 3],
						"2.0": [0, 0, 3]
					}
				},
				"top_leg": {
					"rotation": {
						"0.0": [10, 0, 0],
						"1.0": [2.5, 0, 0],
						"1.5": [15, 0, 0],
						"2.0": [10, 0, 0]
					},
					"position": {
						"0.0": [0, -1, 0],
						"1.5": [0, -1, 1],
						"2.0": [0, -1, 0]
					}
				},
				"top_leg2": {
					"rotation": {
						"0.0": [-35, 0, 0],
						"1.0": [-20, 0, 0],
						"1.5": [-42.5, 0, 0],
						"2.0": [-35, 0, 0]
					},
					"position": {
						"0.0": [0, -1, 0],
						"2.0": [0, -1, 0]
					}
				},
				"bottom_leg2": {
					"rotation": {
						"0.0": [2.5, 0, 0],
						"1.0": [10, 0, 0],
						"1.5": [-1.25, 0, 0],
						"2.0": [2.5, 0, 0]
					},
					"position": {
						"0.0": [0, 0, -3],
						"1.0": [0, 0, -1],
						"1.5": [0, 1, -4],
						"2.0": [0, 0, -3]
					}
				}
			}
		},
		"animation.gargantuar.walk3": {
			"loop": true,
			"animation_length": 2,
			"bones": {
				"bone": {
					"rotation": {
						"0.0": [17.5, 0, 0],
						"1.0": [37.5, 0, 0],
						"2.0": [17.5, 0, 0]
					},
					"position": {
						"0.0": [0, 0, -3],
						"1.0": [0, -1, -7],
						"2.0": [0, 0, -3]
					}
				},
				"head": {
					"rotation": {
						"0.0": [17.5, 0, 0],
						"1.0": [37.5, 0, 0],
						"2.0": [17.5, 0, 0]
					},
					"position": {
						"0.0": [0, 0, -1],
						"1.0": [0, 0, -4],
						"2.0": [0, 0, -1]
					}
				},
				"body": {
					"rotation": {
						"0.0": [7.5, 0, 0],
						"1.0": [27.5, 0, 0],
						"2.0": [7.5, 0, 0]
					}
				},
				"left_arm": {
					"rotation": {
						"0.0": [0, 0, 0],
						"1.0": [-17.5, 0, 0],
						"2.0": [0, 0, 0]
					},
					"position": {
						"0.0": [0, 0, 0],
						"1.0": [0, -2, -3],
						"2.0": [0, 0, 0]
					}
				},
				"right_arm": {
					"rotation": {
						"0.0": [0, 0, 0],
						"1.0": [-12.5, 0, 0],
						"2.0": [0, 0, 0]
					},
					"position": {
						"0.0": [0, 0, 0],
						"1.0": [0, -2, -2],
						"2.0": [0, 0, 0]
					}
				},
				"bottom_leg": {
					"rotation": {
						"0.0": [0, 0, 0],
						"1.5": [5, 0, 0],
						"2.0": [0, 0, 0]
					},
					"position": {
						"0.0": [0, 0, 0],
						"1.0": [0, 0, -2],
						"1.5": [0, 0, 1],
						"2.0": [0, 0, 0]
					}
				},
				"top_leg": {
					"rotation": {
						"0.0": [0, 0, 0],
						"1.0": [-12.5, 0, 0],
						"1.5": [10, 0, 0],
						"2.0": [0, 0, 0]
					},
					"position": {
						"0.0": [0, 0, 0],
						"1.0": [0, 0, -1],
						"2.0": [0, 0, 0]
					},
					"scale": [1, 1.2, 1]
				},
				"top_leg2": {
					"rotation": {
						"0.0": [0, 0, 0],
						"1.0": [-20, 0, 0],
						"1.5": [-40, 0, 0],
						"2.0": [0, 0, 0]
					},
					"position": {
						"0.0": [0, 0, 0],
						"2.0": [0, 0, 0]
					}
				},
				"bottom_leg2": {
					"rotation": {
						"0.0": [0, 0, 0],
						"1.0": [15, 0, 0],
						"1.5": [7.5, 0, 0],
						"2.0": [0, 0, 0]
					},
					"position": {
						"0.0": [0, 0, 0],
						"1.0": [0, 0.67, -1],
						"1.5": [0, 1, -3],
						"2.0": [0, 0, 0]
					}
				}
			}
		},
		"animation.gargantuar.walk1_1": {
			"loop": true,
			"animation_length": 2,
			"bones": {
				"left_arm": {
					"rotation": {
						"0.0": [0, 0, 0],
						"0.25": [-7.5, 0, 0],
						"0.5": [-15, 0, 0],
						"0.75": [-7.5, 0, 0],
						"1.0": [0, 0, 0],
						"1.25": [7.5, 0, 0],
						"1.5": [15, 0, 0],
						"1.75": [7.5, 0, 0],
						"2.0": [0, 0, 0]
					},
					"position": [-3, 0, 0],
					"scale": [0.4, 0, 1]
				},
				"right_arm": {
					"rotation": {
						"0.0": [0, 0, 0],
						"0.25": [7.5, 0, 0],
						"0.5": [15, 0, 0],
						"0.75": [7.5, 0, 0],
						"1.0": [0, 0, 0],
						"1.25": [-7.5, 0, 0],
						"1.5": [-15, 0, 0],
						"1.75": [-5, 0, 0],
						"2.0": [0, 0, 0]
					}
				},
				"left_leg": {
					"rotation": {
						"0.0": [0, 0, 0],
						"0.25": [7.5, 0, 0],
						"0.5": [15, 0, 0],
						"0.75": [7.5, 0, 0],
						"1.0": [0, 0, 0],